territory_no,habitat,week_no,pre_post_treatment,pre_post_removal,pair_id,fertilizer_treatment,territory_id,total_fish,territory_length,territory_width,territory_height,count,fish_size
T1,Fringing,0,Pre-treatment,Pre-removal,A-Fringing,N,1-A-R-N,2,90,64,74,2,12
T2,Fringing,0,Pre-treatment,Pre-removal,A-Fringing,Y,2-A-R-Y,5,213,122,150,3,12
T2,Fringing,0,Pre-treatment,Pre-removal,A-Fringing,Y,2-A-R-Y,5,213,122,150,1,10
T2,Fringing,0,Pre-treatment,Pre-removal,A-Fringing,Y,2-A-R-Y,5,213,122,150,1,14
T3,Fringing,0,Pre-treatment,Pre-removal,B-Fringing,N,3-B-R-N,3,163,134,82,3,14
T4,Fringing,0,Pre-treatment,Pre-removal,B-Fringing,Y,4-B-R-Y,3,162,135,135,3,14
T5,Fringing,0,Pre-treatment,Pre-removal,C-Fringing,N,5-C-R-N,6,203,117,160,3,12
T5,Fringing,0,Pre-treatment,Pre-removal,C-Fringing,N,5-C-R-N,6,203,117,160,3,14
T6,Fringing,0,Pre-treatment,Pre-removal,C-Fringing,Y,6-C-R-Y,8,216,142,190,3,8
T6,Fringing,0,Pre-treatment,Pre-removal,C-Fringing,Y,6-C-R-Y,8,216,142,190,3,10
T6,Fringing,0,Pre-treatment,Pre-removal,C-Fringing,Y,6-C-R-Y,8,216,142,190,2,12
T7,Fringing,0,Pre-treatment,Pre-removal,D-Fringing,N,7-D-R-N,4,140,95,72,4,12
T8,Fringing,0,Pre-treatment,Pre-removal,D-Fringing,Y,8-D-R-Y,5,144,98,70,4,12
T8,Fringing,0,Pre-treatment,Pre-removal,D-Fringing,Y,8-D-R-Y,5,144,98,70,1,8
T9,Fringing,0,Pre-treatment,Pre-removal,E-Fringing,N,9-E-R-N,7,118,140,120,4,14
T9,Fringing,0,Pre-treatment,Pre-removal,E-Fringing,N,9-E-R-N,7,118,140,120,3,12
T10,Fringing,0,Pre-treatment,Pre-removal,E-Fringing,Y,10-E-R-Y,3,143,95,98,1,12
T10,Fringing,0,Pre-treatment,Pre-removal,E-Fringing,Y,10-E-R-Y,3,143,95,98,2,10
T11,Fringing,0,Pre-treatment,Pre-removal,F-Fringing,Y,11-F-R-Y,5,160,66,105,3,12
T11,Fringing,0,Pre-treatment,Pre-removal,F-Fringing,Y,11-F-R-Y,5,160,66,105,1,10
T11,Fringing,0,Pre-treatment,Pre-removal,F-Fringing,Y,11-F-R-Y,5,160,66,105,1,8
T12,Fringing,0,Pre-treatment,Pre-removal,F-Fringing,N,12-F-R-N,4,80,115,42,4,12
T13,Fringing,0,Pre-treatment,Pre-removal,G-Fringing,Y,13-G-R-Y,4,105,134,64,4,12
T14,Fringing,0,Pre-treatment,Pre-removal,G-Fringing,N,14-G-R-N,3,40,71,89,1,15
T14,Fringing,0,Pre-treatment,Pre-removal,G-Fringing,N,14-G-R-N,3,40,71,89,1,12
T15,Fringing,0,Pre-treatment,Pre-removal,H-Fringing,N,15-H-R-N,2,116,93,22,2,12
T16,Fringing,0,Pre-treatment,Pre-removal,H-Fringing,Y,16-H-R-Y,3,114,67,38,2,12
T16,Fringing,0,Pre-treatment,Pre-removal,H-Fringing,Y,16-H-R-Y,3,114,67,38,1,10
T17,Fringing,0,Pre-treatment,Pre-removal,I-Fringing,N,17-I-R-N,3,119,75,76,3,12
T18,Fringing,0,Pre-treatment,Pre-removal,I-Fringing,Y,18-I-R-Y,4,87,112,28,4,12
T19,Fringing,0,Pre-treatment,Pre-removal,J-Fringing,N,19-J-R-N,3,75,76,37,3,13
T20,Fringing,0,Pre-treatment,Pre-removal,J-Fringing,Y,20-J-R-Y,2,105,90,45,2,13
T21,Fringing,0,Pre-treatment,Pre-removal,K-Fringing,N,21-K-R-N,4,160,90,105,4,12
T22,Fringing,0,Pre-treatment,Pre-removal,K-Fringing,Y,22-K-R-Y,3,95,66,63,2,12
T22,Fringing,0,Pre-treatment,Pre-removal,K-Fringing,Y,22-K-R-Y,3,95,66,63,1,10
T23,Fringing,0,Pre-treatment,Pre-removal,L-Fringing,N,23-L-R-N,2,80,50,30,2,10
T24,Fringing,0,Pre-treatment,Pre-removal,L-Fringing,Y,24-L-R-Y,7,205,162,64,4,12
T24,Fringing,0,Pre-treatment,Pre-removal,L-Fringing,Y,24-L-R-Y,7,205,162,64,3,10
T25,Fringing,0,Pre-treatment,Pre-removal,M-Fringing,Y,25-M-R-Y,3,141,200,22,3,12
T26,Fringing,0,Pre-treatment,Pre-removal,M-Fringing,N,26-M-R-N,3,140,105,35,1,12
T26,Fringing,0,Pre-treatment,Pre-removal,M-Fringing,N,26-M-R-N,3,140,105,35,1,8
T26,Fringing,0,Pre-treatment,Pre-removal,M-Fringing,N,26-M-R-N,3,140,105,35,1,10
T27,Fringing,0,Pre-treatment,Pre-removal,N-Fringing,Y,27-N-R-Y,2,67,53,36,1,10
T27,Fringing,0,Pre-treatment,Pre-removal,N-Fringing,Y,27-N-R-Y,2,67,53,36,1,4
T28,Fringing,0,Pre-treatment,Pre-removal,N-Fringing,N,28-N-R-N,2,84,76,122,2,14
T29,Fringing,0,Pre-treatment,Pre-removal,O-Fringing,N,29-O-R-N,2,56,74,103,1,10
T29,Fringing,0,Pre-treatment,Pre-removal,O-Fringing,N,29-O-R-N,2,56,74,103,1,8
T30,Fringing,0,Pre-treatment,Pre-removal,O-Fringing,Y,30-O-R-Y,1,142,51,36,1,14
T31,Backreef,0,Pre-treatment,Pre-removal,A-Backreef,N,31-A-B-N,3,130,78,62,3,14
T32,Backreef,0,Pre-treatment,Pre-removal,A-Backreef,Y,32-A-B-Y,2,140,111,133,2,14
T33,Backreef,0,Pre-treatment,Pre-removal,B-Backreef,Y,33-B-B-Y,3,85,65,48,3,14
T34,Backreef,0,Pre-treatment,Pre-removal,B-Backreef,N,34-B-B-N,4,145,86,48,2,14
T34,Backreef,0,Pre-treatment,Pre-removal,B-Backreef,N,34-B-B-N,4,145,86,48,2,12
T35,Backreef,0,Pre-treatment,Pre-removal,C-Backreef,N,35-C-B-N,5,85,97,46,5,14
T36,Backreef,0,Pre-treatment,Pre-removal,C-Backreef,Y,36-C-B-Y,4,170,182,43,4,12
T37,Backreef,0,Pre-treatment,Pre-removal,D-Backreef,Y,37-D-B-Y,3,142,67,48,2,14
T37,Backreef,0,Pre-treatment,Pre-removal,D-Backreef,Y,37-D-B-Y,3,142,67,48,1,12
T38,Backreef,0,Pre-treatment,Pre-removal,D-Backreef,N,38-D-B-N,1,65,72,60,1,14
T39,Backreef,0,Pre-treatment,Pre-removal,E-Backreef,Y,39-E-B-Y,1,80,65,68,1,12
T40,Backreef,0,Pre-treatment,Pre-removal,E-Backreef,N,40-E-B-N,3,70,65,62,3,12
T41,Backreef,0,Pre-treatment,Pre-removal,F-Backreef,N,41-F-B-N,2,100,82,76,2,14
T42,Backreef,0,Pre-treatment,Pre-removal,F-Backreef,Y,42-F-B-Y,2,116,68,46,2,14
T43,Backreef,0,Pre-treatment,Pre-removal,G-Backreef,N,43-G-B-N,4,111,48,44,3,12
T43,Backreef,0,Pre-treatment,Pre-removal,G-Backreef,N,43-G-B-N,4,111,48,44,1,6
T44,Backreef,0,Pre-treatment,Pre-removal,G-Backreef,Y,44-G-B-Y,1,55,55,62,1,14
T45,Backreef,0,Pre-treatment,Pre-removal,H-Backreef,N,45-H-B-N,2,102,76,64,2,14
T46,Backreef,0,Pre-treatment,Pre-removal,H-Backreef,Y,46-H-B-Y,2,80,48,64,2,14
T47,Backreef,0,Pre-treatment,Pre-removal,I-Backreef,Y,47-I-B-Y,4,145,150,63,4,14
T48,Backreef,0,Pre-treatment,Pre-removal,I-Backreef,N,48-I-B-N,3,107,88,74,3,14
T49,Backreef,0,Pre-treatment,Pre-removal,J-Backreef,N,49-J-B-N,3,143,110,55,3,14
T50,Backreef,0,Pre-treatment,Pre-removal,J-Backreef,Y,50-J-B-Y,2,122,84,53,2,14
T51,Backreef,0,Pre-treatment,Pre-removal,K-Backreef,Y,51-K-B-Y,3,167,35,79,3,14
T52,Backreef,0,Pre-treatment,Pre-removal,K-Backreef,N,52-K-B-N,2,70,53,48,2,14
T53,Backreef,0,Pre-treatment,Pre-removal,L-Backreef,N,53-L-B-N,3,79,83,36,3,12
T54,Backreef,0,Pre-treatment,Pre-removal,L-Backreef,Y,54-L-B-Y,3,270,116,64,3,14
T55,Backreef,0,Pre-treatment,Pre-removal,M-Backreef,Y,55-M-B-Y,3,232,194,46,2,13
T56,Backreef,0,Pre-treatment,Pre-removal,M-Backreef,N,56-M-B-N,3,110,67,85,3,14
T57,Backreef,0,Pre-treatment,Pre-removal,N-Backreef,Y,57-N-B-Y,4,183,100,82,4,14
T58,Backreef,0,Pre-treatment,Pre-removal,N-Backreef,N,58-N-B-N,1,60,55,34,1,14
T59,Backreef,0,Pre-treatment,Pre-removal,O-Backreef,N,59-O-B-N,2,190,166,95,2,12
T60,Backreef,0,Pre-treatment,Pre-removal,O-Backreef,Y,60-O-B-Y,2,91,75,60,2,12
T1,Fringing,3,Post-treatment,Pre-removal,A-Fringing,N,1-A-R-N,2,90,64,74,2,12
T2,Fringing,3,Post-treatment,Pre-removal,A-Fringing,Y,2-A-R-Y,4,215,120,150,4,14
T3,Fringing,3,Post-treatment,Pre-removal,B-Fringing,N,3-B-R-N,3,163,130,82,3,14
T4,Fringing,3,Post-treatment,Pre-removal,B-Fringing,Y,4-B-R-Y,3,153,142,135,3,14
T5,Fringing,3,Post-treatment,Pre-removal,C-Fringing,N,5-C-R-N,5,200,120,160,3,12
T5,Fringing,3,Post-treatment,Pre-removal,C-Fringing,N,5-C-R-N,5,200,120,160,2,13
T6,Fringing,3,Post-treatment,Pre-removal,C-Fringing,Y,6-C-R-Y,8,216,94,72,5,8
T6,Fringing,3,Post-treatment,Pre-removal,C-Fringing,Y,6-C-R-Y,8,216,94,72,3,12
T7,Fringing,3,Post-treatment,Pre-removal,D-Fringing,N,7-D-R-N,4,134,117,72,4,12
T8,Fringing,3,Post-treatment,Pre-removal,D-Fringing,Y,8-D-R-Y,4,130,81,70,4,12
T9,Fringing,3,Post-treatment,Pre-removal,E-Fringing,N,9-E-R-N,5,120,137,120,5,14
T10,Fringing,3,Post-treatment,Pre-removal,E-Fringing,Y,10-E-R-Y,5,120,93,60,3,12
T10,Fringing,3,Post-treatment,Pre-removal,E-Fringing,Y,10-E-R-Y,5,120,93,60,2,14
T11,Fringing,3,Post-treatment,Pre-removal,F-Fringing,Y,11-F-R-Y,4,150,70,105,4,13
T12,Fringing,3,Post-treatment,Pre-removal,F-Fringing,N,12-F-R-N,4,80,115,42,4,12
T13,Fringing,3,Post-treatment,Pre-removal,G-Fringing,Y,13-G-R-Y,4,96,120,64,4,14
T14,Fringing,3,Post-treatment,Pre-removal,G-Fringing,N,14-G-R-N,2,40,71,89,2,13
T15,Fringing,3,Post-treatment,Pre-removal,H-Fringing,N,15-H-R-N,2,116,93,122,2,13
T16,Fringing,3,Post-treatment,Pre-removal,H-Fringing,Y,16-H-R-Y,3,81,55,38,3,13
T17,Fringing,3,Post-treatment,Pre-removal,I-Fringing,N,17-I-R-N,3,119,75,76,3,12
T18,Fringing,3,Post-treatment,Pre-removal,I-Fringing,Y,18-I-R-Y,3,90,114,28,3,12
T19,Fringing,3,Post-treatment,Pre-removal,J-Fringing,N,19-J-R-N,4,75,75,37,4,12
T20,Fringing,3,Post-treatment,Pre-removal,J-Fringing,Y,20-J-R-Y,2,106,75,45,2,12
T21,Fringing,3,Post-treatment,Pre-removal,K-Fringing,N,21-K-R-N,2,160,139,105,2,13
T22,Fringing,3,Post-treatment,Pre-removal,K-Fringing,Y,22-K-R-Y,4,100,52,63,4,12
T23,Fringing,3,Post-treatment,Pre-removal,L-Fringing,N,23-L-R-N,2,77,48,30,2,12
T24,Fringing,3,Post-treatment,Pre-removal,L-Fringing,Y,24-L-R-Y,4,136,75,64,4,12
T25,Fringing,3,Post-treatment,Pre-removal,M-Fringing,Y,25-M-R-Y,5,140,209,25,3,12
T25,Fringing,3,Post-treatment,Pre-removal,M-Fringing,Y,25-M-R-Y,5,140,209,25,2,14
T26,Fringing,3,Post-treatment,Pre-removal,M-Fringing,N,26-M-R-N,2,143,109,35,1,10
T26,Fringing,3,Post-treatment,Pre-removal,M-Fringing,N,26-M-R-N,2,143,109,35,1,12
T27,Fringing,3,Post-treatment,Pre-removal,N-Fringing,Y,27-N-R-Y,1,56,53,36,1,12
T28,Fringing,3,Post-treatment,Pre-removal,N-Fringing,N,28-N-R-N,1,40,30,26,1,14
T29,Fringing,3,Post-treatment,Pre-removal,O-Fringing,N,29-O-R-N,1,56,75,100,1,12
T30,Fringing,3,Post-treatment,Pre-removal,O-Fringing,Y,30-O-R-Y,1,79,46,36,1,14
T31,Backreef,3,Post-treatment,Pre-removal,A-Backreef,N,31-A-B-N,2,130,78,62,2,13
T32,Backreef,3,Post-treatment,Pre-removal,A-Backreef,Y,32-A-B-Y,6,140,120,133,4,13
T32,Backreef,3,Post-treatment,Pre-removal,A-Backreef,Y,32-A-B-Y,6,140,120,133,2,12
T33,Backreef,3,Post-treatment,Pre-removal,B-Backreef,Y,33-B-B-Y,4,72,59,46,4,13
T34,Backreef,3,Post-treatment,Pre-removal,B-Backreef,N,34-B-B-N,4,135,90,48,2,14
T34,Backreef,3,Post-treatment,Pre-removal,B-Backreef,N,34-B-B-N,4,135,90,48,2,13
T35,Backreef,3,Post-treatment,Pre-removal,C-Backreef,N,35-C-B-N,3,85,100,48,3,14
T36,Backreef,3,Post-treatment,Pre-removal,C-Backreef,Y,36-C-B-Y,4,120,87,43,4,12
T37,Backreef,3,Post-treatment,Pre-removal,D-Backreef,Y,37-D-B-Y,2,144,57,46,2,14
T38,Backreef,3,Post-treatment,Pre-removal,D-Backreef,N,38-D-B-N,1,62,78,60,1,14
T39,Backreef,3,Post-treatment,Pre-removal,E-Backreef,Y,39-E-B-Y,1,55,41,68,1,12
T40,Backreef,3,Post-treatment,Pre-removal,E-Backreef,N,40-E-B-N,2,70,68,62,2,13
T41,Backreef,3,Post-treatment,Pre-removal,F-Backreef,N,41-F-B-N,1,140,86,76,1,14
T42,Backreef,3,Post-treatment,Pre-removal,F-Backreef,Y,42-F-B-Y,2,122,77,46,2,12
T42,Backreef,3,Post-treatment,Pre-removal,F-Backreef,Y,42-F-B-Y,2,122,77,46,2,12
T43,Backreef,3,Post-treatment,Pre-removal,G-Backreef,N,43-G-B-N,3,111,50,44,1,8
T44,Backreef,3,Post-treatment,Pre-removal,G-Backreef,Y,44-G-B-Y,1,48,55,62,1,14
T45,Backreef,3,Post-treatment,Pre-removal,H-Backreef,N,45-H-B-N,2,102,76,64,2,14
T46,Backreef,3,Post-treatment,Pre-removal,H-Backreef,Y,46-H-B-Y,2,80,56,64,2,14
T47,Backreef,3,Post-treatment,Pre-removal,I-Backreef,Y,47-I-B-Y,6,95,106,63,4,14
T47,Backreef,3,Post-treatment,Pre-removal,I-Backreef,Y,47-I-B-Y,6,95,106,63,2,12
T48,Backreef,3,Post-treatment,Pre-removal,I-Backreef,N,48-I-B-N,2,110,88,74,2,14
T49,Backreef,3,Post-treatment,Pre-removal,J-Backreef,N,49-J-B-N,2,130,118,55,2,14
T50,Backreef,3,Post-treatment,Pre-removal,J-Backreef,Y,50-J-B-Y,1,97,46,53,1,14
T51,Backreef,3,Post-treatment,Pre-removal,K-Backreef,Y,51-K-B-Y,2,139,28,79,2,14
T52,Backreef,3,Post-treatment,Pre-removal,K-Backreef,N,52-K-B-N,1,69,56,48,1,14
T53,Backreef,3,Post-treatment,Pre-removal,L-Backreef,N,53-L-B-N,2,79,83,36,2,13
T54,Backreef,3,Post-treatment,Pre-removal,L-Backreef,Y,54-L-B-Y,7,266,101,64,4,14
T54,Backreef,3,Post-treatment,Pre-removal,L-Backreef,Y,54-L-B-Y,7,266,101,64,3,13
T55,Backreef,3,Post-treatment,Pre-removal,M-Backreef,Y,55-M-B-Y,2,140,130,85,2,13
T56,Backreef,3,Post-treatment,Pre-removal,M-Backreef,N,56-M-B-N,2,94,80,82,2,14
T57,Backreef,3,Post-treatment,Pre-removal,N-Backreef,Y,57-N-B-Y,3,144,85,86,3,14
T58,Backreef,3,Post-treatment,Pre-removal,N-Backreef,N,58-N-B-N,1,55,55,34,1,14
T59,Backreef,3,Post-treatment,Pre-removal,O-Backreef,N,59-O-B-N,2,206,221,93,2,12
T60,Backreef,3,Post-treatment,Pre-removal,O-Backreef,Y,60-O-B-Y,2,90,62,60,2,12
T1,Fringing,6,Post-treatment,Pre-removal,A-Fringing,N,1-A-R-N,2,90,72,76,2,12
T2,Fringing,6,Post-treatment,Pre-removal,A-Fringing,Y,2-A-R-Y,4,200,122,146,3,12
T2,Fringing,6,Post-treatment,Pre-removal,A-Fringing,Y,2-A-R-Y,4,200,122,146,1,14
T3,Fringing,6,Post-treatment,Pre-removal,B-Fringing,N,3-B-R-N,3,101,106,82,3,13
T4,Fringing,6,Post-treatment,Pre-removal,B-Fringing,Y,4-B-R-Y,3,113,82,141,3,14
T5,Fringing,6,Post-treatment,Pre-removal,C-Fringing,N,5-C-R-N,5,172,134,161,5,13
T6,Fringing,6,Post-treatment,Pre-removal,C-Fringing,Y,6-C-R-Y,8,221,86,71,5,8
T6,Fringing,6,Post-treatment,Pre-removal,C-Fringing,Y,6-C-R-Y,8,221,86,71,3,12
T7,Fringing,6,Post-treatment,Pre-removal,D-Fringing,N,7-D-R-N,4,138,80,71,4,12
T8,Fringing,6,Post-treatment,Pre-removal,D-Fringing,Y,8-D-R-Y,4,110,67,71,4,12
T9,Fringing,6,Post-treatment,Pre-removal,E-Fringing,N,9-E-R-N,5,134,127,124,5,14
T10,Fringing,6,Post-treatment,Pre-removal,E-Fringing,Y,10-E-R-Y,5,115,80,36,3,12
T10,Fringing,6,Post-treatment,Pre-removal,E-Fringing,Y,10-E-R-Y,5,115,80,36,2,14
T11,Fringing,6,Post-treatment,Pre-removal,F-Fringing,Y,11-F-R-Y,5,85,77,86,4,13
T11,Fringing,6,Post-treatment,Pre-removal,F-Fringing,Y,11-F-R-Y,5,85,77,86,1,10
T12,Fringing,6,Post-treatment,Pre-removal,F-Fringing,N,12-F-R-N,3,62,80,44,3,12
T13,Fringing,6,Post-treatment,Pre-removal,G-Fringing,Y,13-G-R-Y,3,111,77,34,3,14
T14,Fringing,6,Post-treatment,Pre-removal,G-Fringing,N,14-G-R-N,1,80,37,90,1,13
T15,Fringing,6,Post-treatment,Pre-removal,H-Fringing,N,15-H-R-N,2,91,50,26,2,13
T16,Fringing,6,Post-treatment,Pre-removal,H-Fringing,Y,16-H-R-Y,3,105,54,31,3,13
T17,Fringing,6,Post-treatment,Pre-removal,I-Fringing,N,17-I-R-N,3,116,70,73,2,12
T17,Fringing,6,Post-treatment,Pre-removal,I-Fringing,N,17-I-R-N,3,116,70,73,1,10
T18,Fringing,6,Post-treatment,Pre-removal,I-Fringing,Y,18-I-R-Y,3,107,79,21,3,12
T19,Fringing,6,Post-treatment,Pre-removal,J-Fringing,N,19-J-R-N,4,68,122,39,4,12
T20,Fringing,6,Post-treatment,Pre-removal,J-Fringing,Y,20-J-R-Y,2,115,58,44,2,12
T21,Fringing,6,Post-treatment,Pre-removal,K-Fringing,N,21-K-R-N,2,162,135,106,2,13
T22,Fringing,6,Post-treatment,Pre-removal,K-Fringing,Y,22-K-R-Y,4,73,34,55,4,12
T23,Fringing,6,Post-treatment,Pre-removal,L-Fringing,N,23-L-R-N,3,75,47,33,3,12
T24,Fringing,6,Post-treatment,Pre-removal,L-Fringing,Y,24-L-R-Y,4,113,121,66,4,12
T25,Fringing,6,Post-treatment,Pre-removal,M-Fringing,Y,25-M-R-Y,5,187,126,21,3,12
T25,Fringing,6,Post-treatment,Pre-removal,M-Fringing,Y,25-M-R-Y,5,187,126,21,2,14
T26,Fringing,6,Post-treatment,Pre-removal,M-Fringing,N,26-M-R-N,2,158,124,35,1,12
T26,Fringing,6,Post-treatment,Pre-removal,M-Fringing,N,26-M-R-N,2,158,124,35,1,10
T27,Fringing,6,Post-treatment,Pre-removal,N-Fringing,Y,27-N-R-Y,1,45,50,36,1,12
T28,Fringing,6,Post-treatment,Pre-removal,N-Fringing,N,28-N-R-N,1,57,39,79,1,14
T29,Fringing,6,Post-treatment,Pre-removal,O-Fringing,N,29-O-R-N,1,64,73,101,1,12
T30,Fringing,6,Post-treatment,Pre-removal,O-Fringing,Y,30-O-R-Y,1,50,53,36,1,14
T31,Backreef,6,Post-treatment,Pre-removal,A-Backreef,N,31-A-B-N,2,114,121,61,2,13
T32,Backreef,6,Post-treatment,Pre-removal,A-Backreef,Y,32-A-B-Y,4,149,97,108,4,13
T33,Backreef,6,Post-treatment,Pre-removal,B-Backreef,Y,33-B-B-Y,3,119,46,32,3,13
T34,Backreef,6,Post-treatment,Pre-removal,B-Backreef,N,34-B-B-N,4,118,56,57,2,12
T34,Backreef,6,Post-treatment,Pre-removal,B-Backreef,N,34-B-B-N,4,118,56,57,2,14
T35,Backreef,6,Post-treatment,Pre-removal,C-Backreef,N,35-C-B-N,4,137,59,47,4,14
T36,Backreef,6,Post-treatment,Pre-removal,C-Backreef,Y,36-C-B-Y,4,98,54,55,3,12
T36,Backreef,6,Post-treatment,Pre-removal,C-Backreef,Y,36-C-B-Y,4,98,54,55,1,14
T37,Backreef,6,Post-treatment,Pre-removal,D-Backreef,Y,37-D-B-Y,1,143,53,55,1,14
T38,Backreef,6,Post-treatment,Pre-removal,D-Backreef,N,38-D-B-N,1,75,55,69,1,14
T39,Backreef,6,Post-treatment,Pre-removal,E-Backreef,Y,39-E-B-Y,1,53,65,48,1,12
T40,Backreef,6,Post-treatment,Pre-removal,E-Backreef,N,40-E-B-N,2,60,51,44,2,13
T41,Backreef,6,Post-treatment,Pre-removal,F-Backreef,N,41-F-B-N,1,126,81,79,1,14
T42,Backreef,6,Post-treatment,Pre-removal,F-Backreef,Y,42-F-B-Y,2,122,27,46,2,12
T43,Backreef,6,Post-treatment,Pre-removal,G-Backreef,N,43-G-B-N,2,158,136,57,1,12
T43,Backreef,6,Post-treatment,Pre-removal,G-Backreef,N,43-G-B-N,3,158,136,57,1,6
T44,Backreef,6,Post-treatment,Pre-removal,G-Backreef,Y,44-G-B-Y,1,62,44,53,1,14
T45,Backreef,6,Post-treatment,Pre-removal,H-Backreef,N,45-H-B-N,2,103,67,59,2,14
T46,Backreef,6,Post-treatment,Pre-removal,H-Backreef,Y,46-H-B-Y,2,129,53,68,2,14
T47,Backreef,6,Post-treatment,Pre-removal,I-Backreef,Y,47-I-B-Y,6,93,107,67,4,14
T47,Backreef,6,Post-treatment,Pre-removal,I-Backreef,Y,47-I-B-Y,6,93,107,67,2,12
T48,Backreef,6,Post-treatment,Pre-removal,I-Backreef,N,48-I-B-N,2,125,90,74,2,14
T49,Backreef,6,Post-treatment,Pre-removal,J-Backreef,N,49-J-B-N,2,161,94,88,2,14
T50,Backreef,6,Post-treatment,Pre-removal,J-Backreef,Y,50-J-B-Y,1,146,39,38,1,14
T51,Backreef,6,Post-treatment,Pre-removal,K-Backreef,Y,51-K-B-Y,1,153,33,47,1,14
T52,Backreef,6,Post-treatment,Pre-removal,K-Backreef,N,52-K-B-N,1,120,62,48,1,14
T53,Backreef,6,Post-treatment,Pre-removal,L-Backreef,N,53-L-B-N,3,72,79,36,1,14
T53,Backreef,6,Post-treatment,Pre-removal,L-Backreef,N,53-L-B-N,3,72,79,36,2,12
T54,Backreef,6,Post-treatment,Pre-removal,L-Backreef,Y,54-L-B-Y,7,224,120,73,4,14
T54,Backreef,6,Post-treatment,Pre-removal,L-Backreef,Y,54-L-B-Y,7,224,120,73,3,12
T55,Backreef,6,Post-treatment,Pre-removal,M-Backreef,Y,55-M-B-Y,2,108,124,39,2,13
T56,Backreef,6,Post-treatment,Pre-removal,M-Backreef,N,56-M-B-N,2,104,68,75,2,14
T57,Backreef,6,Post-treatment,Pre-removal,N-Backreef,Y,57-N-B-Y,3,210,123,84,3,14
T58,Backreef,6,Post-treatment,Pre-removal,N-Backreef,N,58-N-B-N,1,71,77,35,1,14
T59,Backreef,6,Post-treatment,Pre-removal,O-Backreef,N,59-O-B-N,2,202,140,86,2,12
T60,Backreef,6,Post-treatment,Pre-removal,O-Backreef,Y,60-O-B-Y,2,69,56,57,2,12
T1,Fringing,9,Post-treatment,Post-removal,A-Fringing,N,1-A-R-N,2,88,73,76,2,12
T2,Fringing,9,Post-treatment,Post-removal,A-Fringing,Y,2-A-R-Y,3,112,115,88,1,10
T2,Fringing,9,Post-treatment,Post-removal,A-Fringing,Y,2-A-R-Y,3,112,115,88,1,12
T2,Fringing,9,Post-treatment,Post-removal,A-Fringing,Y,2-A-R-Y,3,112,115,88,1,14
T3,Fringing,9,Post-treatment,Post-removal,B-Fringing,N,3-B-R-N,5,100,105,82,2,14
T3,Fringing,9,Post-treatment,Post-removal,B-Fringing,N,3-B-R-N,5,100,105,82,1,12
T3,Fringing,9,Post-treatment,Post-removal,B-Fringing,N,3-B-R-N,5,100,105,82,2,10
T4,Fringing,9,Post-treatment,Post-removal,B-Fringing,Y,4-B-R-Y,5,113,82,141,4,14
T4,Fringing,9,Post-treatment,Post-removal,B-Fringing,Y,4-B-R-Y,5,113,82,141,1,12
T5,Fringing,9,Post-treatment,Post-removal,C-Fringing,N,5-C-R-N,6,127,210,160,3,14
T5,Fringing,9,Post-treatment,Post-removal,C-Fringing,N,5-C-R-N,6,127,210,160,2,12
T5,Fringing,9,Post-treatment,Post-removal,C-Fringing,N,5-C-R-N,6,127,210,160,1,10
T6,Fringing,9,Post-treatment,Post-removal,C-Fringing,Y,6-C-R-Y,7,195,103,70,3,12
T6,Fringing,9,Post-treatment,Post-removal,C-Fringing,Y,6-C-R-Y,7,195,103,70,3,14
T6,Fringing,9,Post-treatment,Post-removal,C-Fringing,Y,6-C-R-Y,7,195,103,70,1,8
T7,Fringing,9,Post-treatment,Post-removal,D-Fringing,N,7-D-R-N,4,130,63,75,3,14
T7,Fringing,9,Post-treatment,Post-removal,D-Fringing,N,7-D-R-N,4,130,63,75,1,12
T8,Fringing,9,Post-treatment,Post-removal,D-Fringing,Y,8-D-R-Y,4,109,69,70,2,12
T8,Fringing,9,Post-treatment,Post-removal,D-Fringing,Y,8-D-R-Y,4,109,69,70,1,10
T8,Fringing,9,Post-treatment,Post-removal,D-Fringing,Y,8-D-R-Y,4,109,69,70,1,14
T9,Fringing,9,Post-treatment,Post-removal,E-Fringing,Y,10-E-R-Y,9,129,366,125,9,14
T10,Fringing,9,Post-treatment,Post-removal,E-Fringing,N,9-E-R-N,8,210,103,36,2,14
T10,Fringing,9,Post-treatment,Post-removal,E-Fringing,N,9-E-R-N,8,210,103,36,2,12
T10,Fringing,9,Post-treatment,Post-removal,E-Fringing,N,9-E-R-N,8,210,103,36,1,10
T10,Fringing,9,Post-treatment,Post-removal,E-Fringing,N,9-E-R-N,8,210,103,36,2,8
T10,Fringing,9,Post-treatment,Post-removal,E-Fringing,N,9-E-R-N,8,210,103,36,1,6
T11,Fringing,9,Post-treatment,Post-removal,F-Fringing,Y,11-F-R-Y,4,66,61,86,3,14
T11,Fringing,9,Post-treatment,Post-removal,F-Fringing,Y,11-F-R-Y,4,66,61,86,1,10
T12,Fringing,9,Post-treatment,Post-removal,F-Fringing,N,12-F-R-N,2,56,66,45,2,14
T13,Fringing,9,Post-treatment,Post-removal,G-Fringing,Y,13-G-R-Y,6,175,230,34,3,14
T13,Fringing,9,Post-treatment,Post-removal,G-Fringing,Y,13-G-R-Y,6,175,230,34,3,10
T14,Fringing,9,Post-treatment,Post-removal,G-Fringing,N,14-G-R-N,0,0,0,0,0,0
T15,Fringing,9,Post-treatment,Post-removal,H-Fringing,N,15-H-R-N,2,101,74,30,1,14
T15,Fringing,9,Post-treatment,Post-removal,H-Fringing,N,15-H-R-N,2,101,74,30,1,12
T16,Fringing,9,Post-treatment,Post-removal,H-Fringing,Y,16-H-R-Y,6,205,110,44,1,8
T16,Fringing,9,Post-treatment,Post-removal,H-Fringing,Y,16-H-R-Y,6,205,110,44,2,14
T16,Fringing,9,Post-treatment,Post-removal,H-Fringing,Y,16-H-R-Y,6,205,110,44,2,12
T16,Fringing,9,Post-treatment,Post-removal,H-Fringing,Y,16-H-R-Y,6,205,110,44,1,13
T17,Fringing,9,Post-treatment,Post-removal,I-Fringing,N,17-I-R-N,3,104,105,80,1,15
T17,Fringing,9,Post-treatment,Post-removal,I-Fringing,N,17-I-R-N,3,104,105,80,2,14
T18,Fringing,9,Post-treatment,Post-removal,I-Fringing,Y,18-I-R-Y,4,85,53,20,2,13
T18,Fringing,9,Post-treatment,Post-removal,I-Fringing,Y,18-I-R-Y,4,85,53,20,1,5
T18,Fringing,9,Post-treatment,Post-removal,I-Fringing,Y,18-I-R-Y,4,85,53,20,1,10
T19,Fringing,9,Post-treatment,Post-removal,J-Fringing,N,19-J-R-N,4,81,64,40,1,13
T19,Fringing,9,Post-treatment,Post-removal,J-Fringing,N,19-J-R-N,4,81,64,40,2,12
T19,Fringing,9,Post-treatment,Post-removal,J-Fringing,N,19-J-R-N,4,81,64,40,1,6
T20,Fringing,9,Post-treatment,Post-removal,J-Fringing,Y,20-J-R-Y,3,115,95,45,1,13
T20,Fringing,9,Post-treatment,Post-removal,J-Fringing,Y,20-J-R-Y,3,115,95,45,2,12
T21,Fringing,9,Post-treatment,Post-removal,K-Fringing,N,21-K-R-N,3,160,135,110,3,14
T22,Fringing,9,Post-treatment,Post-removal,K-Fringing,Y,22-K-R-Y,4,81,24,55,2,14
T22,Fringing,9,Post-treatment,Post-removal,K-Fringing,Y,22-K-R-Y,4,81,24,55,1,13
T22,Fringing,9,Post-treatment,Post-removal,K-Fringing,Y,22-K-R-Y,4,81,24,55,1,12
T23,Fringing,9,Post-treatment,Post-removal,L-Fringing,N,23-L-R-N,4,81,69,33,2,12
T23,Fringing,9,Post-treatment,Post-removal,L-Fringing,N,23-L-R-N,4,81,69,33,1,10
T23,Fringing,9,Post-treatment,Post-removal,L-Fringing,N,23-L-R-N,4,81,69,33,1,8
T24,Fringing,9,Post-treatment,Post-removal,L-Fringing,Y,24-L-R-Y,7,135,105,66,3,12
T24,Fringing,9,Post-treatment,Post-removal,L-Fringing,Y,24-L-R-Y,7,135,105,66,1,13
T24,Fringing,9,Post-treatment,Post-removal,L-Fringing,Y,24-L-R-Y,7,135,105,66,1,10
T24,Fringing,9,Post-treatment,Post-removal,L-Fringing,Y,24-L-R-Y,7,135,105,66,1,8
T24,Fringing,9,Post-treatment,Post-removal,L-Fringing,Y,24-L-R-Y,7,135,105,66,1,6
T25,Fringing,9,Post-treatment,Post-removal,M-Fringing,Y,25-M-R-Y,7,180,146,25,3,14
T25,Fringing,9,Post-treatment,Post-removal,M-Fringing,Y,25-M-R-Y,7,180,146,25,3,12
T25,Fringing,9,Post-treatment,Post-removal,M-Fringing,Y,25-M-R-Y,7,180,146,25,1,10
T26,Fringing,9,Post-treatment,Post-removal,M-Fringing,N,26-M-R-N,3,85,53,35,1,10
T26,Fringing,9,Post-treatment,Post-removal,M-Fringing,N,26-M-R-N,3,85,53,35,1,12
T26,Fringing,9,Post-treatment,Post-removal,M-Fringing,N,26-M-R-N,3,85,53,35,1,14
T27,Fringing,9,Post-treatment,Post-removal,N-Fringing,Y,27-N-R-Y,3,23,15,12,2,8
T27,Fringing,9,Post-treatment,Post-removal,N-Fringing,Y,27-N-R-Y,3,23,15,12,1,6
T28,Fringing,9,Post-treatment,Post-removal,N-Fringing,N,28-N-R-N,0,0,0,0,0,0
T29,Fringing,9,Post-treatment,Post-removal,O-Fringing,N,29-O-R-N,2,34,33,20,1,12
T29,Fringing,9,Post-treatment,Post-removal,O-Fringing,N,29-O-R-N,2,34,33,20,1,10
T30,Fringing,9,Post-treatment,Post-removal,O-Fringing,Y,30-O-R-Y,2,50,55,35,2,6
T31,Backreef,9,Post-treatment,Post-removal,A-Backreef,N,31-A-B-N,1,101,54,56,1,14
T32,Backreef,9,Post-treatment,Post-removal,A-Backreef,Y,32-A-B-Y,4,176,89,100,4,14
T33,Backreef,9,Post-treatment,Post-removal,B-Backreef,Y,33-B-B-Y,3,114,46,132,3,14
T34,Backreef,9,Post-treatment,Post-removal,B-Backreef,N,34-B-B-N,0,0,0,0,0,0
T35,Backreef,9,Post-treatment,Post-removal,C-Backreef,N,35-C-B-N,2,115,64,45,2,14
T36,Backreef,9,Post-treatment,Post-removal,C-Backreef,Y,36-C-B-Y,3,44,50,55,1,12
T36,Backreef,9,Post-treatment,Post-removal,C-Backreef,Y,36-C-B-Y,3,44,50,55,1,10
T36,Backreef,9,Post-treatment,Post-removal,C-Backreef,Y,36-C-B-Y,3,44,50,55,1,14
T37,Backreef,9,Post-treatment,Post-removal,D-Backreef,Y,37-D-B-Y,1,66,55,43,1,14
T38,Backreef,9,Post-treatment,Post-removal,D-Backreef,N,38-D-B-N,1,45,33,70,1,15
T39,Backreef,9,Post-treatment,Post-removal,E-Backreef,Y,39-E-B-Y,0,0,0,0,0,0
T40,Backreef,9,Post-treatment,Post-removal,E-Backreef,N,40-E-B-N,1,36,47,34,1,14
T41,Backreef,9,Post-treatment,Post-removal,F-Backreef,N,41-F-B-N,0,0,0,0,0,0
T42,Backreef,9,Post-treatment,Post-removal,F-Backreef,Y,42-F-B-Y,1,151,23,45,1,14
T43,Backreef,9,Post-treatment,Post-removal,G-Backreef,N,43-G-B-N,3,86,42,38,1,10
T43,Backreef,9,Post-treatment,Post-removal,G-Backreef,N,43-G-B-N,3,86,42,38,1,8
T43,Backreef,9,Post-treatment,Post-removal,G-Backreef,N,43-G-B-N,3,86,42,38,1,12
T44,Backreef,9,Post-treatment,Post-removal,G-Backreef,Y,44-G-B-Y,1,62,36,53,1,14
T45,Backreef,9,Post-treatment,Post-removal,H-Backreef,N,45-H-B-N,0,0,0,0,0,0
T46,Backreef,9,Post-treatment,Post-removal,H-Backreef,Y,46-H-B-Y,1,135,47,68,1,14
T47,Backreef,9,Post-treatment,Post-removal,I-Backreef,Y,47-I-B-Y,2,90,105,67,2,15
T48,Backreef,9,Post-treatment,Post-removal,I-Backreef,N,48-I-B-N,2,115,46,74,2,14
T49,Backreef,9,Post-treatment,Post-removal,J-Backreef,N,49-J-B-N,1,60,78,88,1,14
T50,Backreef,9,Post-treatment,Post-removal,J-Backreef,Y,50-J-B-Y,0,0,0,0,0,0
T51,Backreef,9,Post-treatment,Post-removal,K-Backreef,Y,51-K-B-Y,2,153,33,45,2,14
T52,Backreef,9,Post-treatment,Post-removal,K-Backreef,N,52-K-B-N,1,60,54,75,2,14
T53,Backreef,9,Post-treatment,Post-removal,L-Backreef,N,53-L-B-N,2,75,87,35,2,13
T54,Backreef,9,Post-treatment,Post-removal,L-Backreef,Y,54-L-B-Y,2,40,36,59,2,14
T55,Backreef,9,Post-treatment,Post-removal,M-Backreef,Y,55-M-B-Y,3,125,105,40,3,14
T56,Backreef,9,Post-treatment,Post-removal,M-Backreef,N,56-M-B-N,3,55,82,75,3,13
T57,Backreef,9,Post-treatment,Post-removal,N-Backreef,Y,57-N-B-Y,2,210,43,84,1,15
T57,Backreef,9,Post-treatment,Post-removal,N-Backreef,Y,57-N-B-Y,2,210,43,84,1,14
T58,Backreef,9,Post-treatment,Post-removal,N-Backreef,N,58-N-B-N,0,0,0,0,0,0
T59,Backreef,9,Post-treatment,Post-removal,O-Backreef,N,59-O-B-N,2,160,134,84,2,13
T60,Backreef,9,Post-treatment,Post-removal,O-Backreef,Y,60-O-B-Y,0,0,0,0,0,0
T1,Fringing,32,Post-treatment,Post-removal,A-Fringing,N,1-A-R-N,3,82,66,60,2,10
T1,Fringing,32,Post-treatment,Post-removal,A-Fringing,N,1-A-R-N,3,82,66,60,1,6
T2,Fringing,32,Post-treatment,Post-removal,A-Fringing,Y,2-A-R-Y,2,85,54,56,1,8
T2,Fringing,32,Post-treatment,Post-removal,A-Fringing,Y,2-A-R-Y,2,85,54,56,1,4
T3,Fringing,32,Post-treatment,Post-removal,B-Fringing,N,3-B-R-N,2,87,66,52,1,14
T3,Fringing,32,Post-treatment,Post-removal,B-Fringing,N,3-B-R-N,2,87,66,52,1,12
T4,Fringing,32,Post-treatment,Post-removal,B-Fringing,Y,4-B-R-Y,6,152,129,77,5,14
T4,Fringing,32,Post-treatment,Post-removal,B-Fringing,Y,4-B-R-Y,6,152,129,77,1,12
T5,Fringing,32,Post-treatment,Post-removal,C-Fringing,N,5-C-R-N,5,195,112,97,4,14
T5,Fringing,32,Post-treatment,Post-removal,C-Fringing,N,5-C-R-N,5,195,112,97,1,14
T6,Fringing,32,Post-treatment,Post-removal,C-Fringing,Y,6-C-R-Y,8,185,120,86,3,14
T6,Fringing,32,Post-treatment,Post-removal,C-Fringing,Y,6-C-R-Y,8,185,120,86,2,12
T6,Fringing,32,Post-treatment,Post-removal,C-Fringing,Y,6-C-R-Y,8,185,120,86,2,8
T6,Fringing,32,Post-treatment,Post-removal,C-Fringing,Y,6-C-R-Y,8,185,120,86,1,6
T7,Fringing,32,Post-treatment,Post-removal,D-Fringing,N,7-D-R-N,4,142,65,76,2,14
T7,Fringing,32,Post-treatment,Post-removal,D-Fringing,N,7-D-R-N,4,142,65,76,2,10
T8,Fringing,32,Post-treatment,Post-removal,D-Fringing,Y,8-D-R-Y,2,149,94,69,1,13
T8,Fringing,32,Post-treatment,Post-removal,D-Fringing,Y,8-D-R-Y,2,149,94,69,1,8
T9,Fringing,32,Post-treatment,Post-removal,E-Fringing,N,9-E-R-N,11,110,311,99,8,14
T9,Fringing,32,Post-treatment,Post-removal,E-Fringing,N,9-E-R-N,11,110,311,99,3,8
T10,Fringing,32,Post-treatment,Post-removal,E-Fringing,Y,10-E-R-Y,3,86,95,67,1,6
T10,Fringing,32,Post-treatment,Post-removal,E-Fringing,Y,10-E-R-Y,3,86,95,67,1,10
T10,Fringing,32,Post-treatment,Post-removal,E-Fringing,Y,10-E-R-Y,3,86,95,67,1,12
T11,Fringing,32,Post-treatment,Post-removal,F-Fringing,Y,11-F-R-Y,3,74,48,52,1,14
T11,Fringing,32,Post-treatment,Post-removal,F-Fringing,Y,11-F-R-Y,3,74,48,52,1,12
T11,Fringing,32,Post-treatment,Post-removal,F-Fringing,Y,11-F-R-Y,3,74,48,52,1,10
T12,Fringing,32,Post-treatment,Post-removal,F-Fringing,N,12-F-R-N,2,82,74,50,1,12
T12,Fringing,32,Post-treatment,Post-removal,F-Fringing,N,12-F-R-N,2,82,74,50,1,10
T13,Fringing,32,Post-treatment,Post-removal,G-Fringing,Y,13-G-R-Y,5,151,174,65,2,14
T13,Fringing,32,Post-treatment,Post-removal,G-Fringing,Y,13-G-R-Y,5,151,174,65,3,10
T14,Fringing,32,Post-treatment,Post-removal,G-Fringing,N,14-G-R-N,0,0,0,0,0,0
T15,Fringing,32,Post-treatment,Post-removal,H-Fringing,N,15-H-R-N,2,72,48,53,1,8
T15,Fringing,32,Post-treatment,Post-removal,H-Fringing,N,15-H-R-N,2,72,48,53,1,6
T16,Fringing,32,Post-treatment,Post-removal,H-Fringing,Y,16-H-R-Y,2,71,42,31,1,12
T16,Fringing,32,Post-treatment,Post-removal,H-Fringing,Y,16-H-R-Y,2,71,42,31,1,8
T17,Fringing,32,Post-treatment,Post-removal,I-Fringing,N,17-I-R-N,3,145,92,94,1,14
T17,Fringing,32,Post-treatment,Post-removal,I-Fringing,N,17-I-R-N,3,145,92,94,1,12
T17,Fringing,32,Post-treatment,Post-removal,I-Fringing,N,17-I-R-N,3,145,92,94,1,8
T18,Fringing,32,Post-treatment,Post-removal,I-Fringing,Y,18-I-R-Y,5,124,138,39,1,14
T18,Fringing,32,Post-treatment,Post-removal,I-Fringing,Y,18-I-R-Y,5,124,138,39,3,12
T18,Fringing,32,Post-treatment,Post-removal,I-Fringing,Y,18-I-R-Y,5,124,138,39,1,8
T19,Fringing,32,Post-treatment,Post-removal,J-Fringing,N,19-J-R-N,6,153,207,141,3,12
T19,Fringing,32,Post-treatment,Post-removal,J-Fringing,N,19-J-R-N,6,153,207,141,2,10
T19,Fringing,32,Post-treatment,Post-removal,J-Fringing,N,19-J-R-N,6,153,207,141,1,8
T20,Fringing,32,Post-treatment,Post-removal,J-Fringing,Y,20-J-R-Y,4,166,95,64,1,14
T20,Fringing,32,Post-treatment,Post-removal,J-Fringing,Y,20-J-R-Y,4,166,95,64,1,8
T20,Fringing,32,Post-treatment,Post-removal,J-Fringing,Y,20-J-R-Y,4,166,95,64,2,12
T21,Fringing,32,Post-treatment,Post-removal,K-Fringing,N,21-K-R-N,3,114,86,88,2,14
T21,Fringing,32,Post-treatment,Post-removal,K-Fringing,N,21-K-R-N,3,114,86,88,1,12
T22,Fringing,32,Post-treatment,Post-removal,K-Fringing,Y,22-K-R-Y,1,118,59,67,1,14
T23,Fringing,32,Post-treatment,Post-removal,L-Fringing,N,23-L-R-N,2,83,46,53,1,6
T23,Fringing,32,Post-treatment,Post-removal,L-Fringing,N,23-L-R-N,2,83,46,53,1,8
T24,Fringing,32,Post-treatment,Post-removal,L-Fringing,Y,24-L-R-Y,6,130,79,65,3,6
T24,Fringing,32,Post-treatment,Post-removal,L-Fringing,Y,24-L-R-Y,6,130,79,65,1,12
T24,Fringing,32,Post-treatment,Post-removal,L-Fringing,Y,24-L-R-Y,6,130,79,65,2,8
T25,Fringing,32,Post-treatment,Post-removal,M-Fringing,Y,25-M-R-Y,10,240,160,92,4,12
T25,Fringing,32,Post-treatment,Post-removal,M-Fringing,Y,25-M-R-Y,10,240,160,92,3,13
T25,Fringing,32,Post-treatment,Post-removal,M-Fringing,Y,25-M-R-Y,10,240,160,92,2,14
T25,Fringing,32,Post-treatment,Post-removal,M-Fringing,Y,25-M-R-Y,10,240,160,92,1,10
T26,Fringing,32,Post-treatment,Post-removal,M-Fringing,N,26-M-R-N,0,0,0,0,0,0
T27,Fringing,32,Post-treatment,Post-removal,N-Fringing,Y,27-N-R-Y,3,61,70,44,2,4
T27,Fringing,32,Post-treatment,Post-removal,N-Fringing,Y,27-N-R-Y,3,61,70,44,1,6
T28,Fringing,32,Post-treatment,Post-removal,N-Fringing,N,28-N-R-N,2,71,68,89,1,12
T28,Fringing,32,Post-treatment,Post-removal,N-Fringing,N,28-N-R-N,2,71,68,89,1,8
T29,Fringing,32,Post-treatment,Post-removal,O-Fringing,N,29-O-R-N,2,66,49,48,2,8
T30,Fringing,32,Post-treatment,Post-removal,O-Fringing,Y,30-O-R-Y,1,69,66,63,1,14
T31,Backreef,32,Post-treatment,Post-removal,A-Backreef,N,31-A-B-N,0,0,0,0,0,0
T32,Backreef,32,Post-treatment,Post-removal,A-Backreef,Y,32-A-B-Y,4,162,158,134,3,14
T32,Backreef,32,Post-treatment,Post-removal,A-Backreef,Y,32-A-B-Y,4,162,158,134,1,12
T33,Backreef,32,Post-treatment,Post-removal,B-Backreef,Y,33-B-B-Y,3,131,113,36,3,12
T34,Backreef,32,Post-treatment,Post-removal,B-Backreef,N,34-B-B-N,1,42,32,27,1,13
T35,Backreef,32,Post-treatment,Post-removal,C-Backreef,N,35-C-B-N,3,139,72,83,3,13
T36,Backreef,32,Post-treatment,Post-removal,C-Backreef,Y,36-C-B-Y,3,114,87,59,1,13
T36,Backreef,32,Post-treatment,Post-removal,C-Backreef,Y,36-C-B-Y,3,114,87,59,1,12
T36,Backreef,32,Post-treatment,Post-removal,C-Backreef,Y,36-C-B-Y,3,114,87,59,1,10
T37,Backreef,32,Post-treatment,Post-removal,D-Backreef,Y,37-D-B-Y,2,103,52,70,1,14
T37,Backreef,32,Post-treatment,Post-removal,D-Backreef,Y,37-D-B-Y,2,103,52,70,1,10
T38,Backreef,32,Post-treatment,Post-removal,D-Backreef,N,38-D-B-N,1,69,53,50,1,14
T39,Backreef,32,Post-treatment,Post-removal,E-Backreef,Y,39-E-B-Y,0,0,0,0,0,0
T40,Backreef,32,Post-treatment,Post-removal,E-Backreef,N,40-E-B-N,1,66,50,68,1,13
T41,Backreef,32,Post-treatment,Post-removal,F-Backreef,N,41-F-B-N,0,0,0,0,0,0
T42,Backreef,32,Post-treatment,Post-removal,F-Backreef,Y,42-F-B-Y,2,39,142,49,2,14
T43,Backreef,32,Post-treatment,Post-removal,G-Backreef,N,43-G-B-N,2,60,49,33,1,13
T43,Backreef,32,Post-treatment,Post-removal,G-Backreef,N,43-G-B-N,2,60,49,33,1,8
T44,Backreef,32,Post-treatment,Post-removal,G-Backreef,Y,44-G-B-Y,1,64,70,63,1,13
T45,Backreef,32,Post-treatment,Post-removal,H-Backreef,N,45-H-B-N,0,0,0,0,0,0
T46,Backreef,32,Post-treatment,Post-removal,H-Backreef,Y,46-H-B-Y,2,126,85,72,1,14
T46,Backreef,32,Post-treatment,Post-removal,H-Backreef,Y,46-H-B-Y,2,126,85,72,1,12
T47,Backreef,32,Post-treatment,Post-removal,I-Backreef,Y,47-I-B-Y,2,141,59,64,1,14
T47,Backreef,32,Post-treatment,Post-removal,I-Backreef,Y,47-I-B-Y,2,141,59,64,1,13
T48,Backreef,32,Post-treatment,Post-removal,I-Backreef,N,48-I-B-N,1,42,33,48,1,14
T49,Backreef,32,Post-treatment,Post-removal,J-Backreef,N,49-J-B-N,2,110,82,52,1,13
T49,Backreef,32,Post-treatment,Post-removal,J-Backreef,N,49-J-B-N,2,110,82,52,1,14
T50,Backreef,32,Post-treatment,Post-removal,J-Backreef,Y,50-J-B-Y,1,51,63,37,1,14
T51,Backreef,32,Post-treatment,Post-removal,K-Backreef,Y,51-K-B-Y,1,83,56,52,1,12
T52,Backreef,32,Post-treatment,Post-removal,K-Backreef,N,52-K-B-N,1,60,50,41,1,14
T53,Backreef,32,Post-treatment,Post-removal,L-Backreef,N,53-L-B-N,2,100,79,49,1,13
T53,Backreef,32,Post-treatment,Post-removal,L-Backreef,N,53-L-B-N,2,100,79,49,1,12
T54,Backreef,32,Post-treatment,Post-removal,L-Backreef,Y,54-L-B-Y,1,50,29,41,1,12
T55,Backreef,32,Post-treatment,Post-removal,M-Backreef,Y,55-M-B-Y,5,176,182,70,1,14
T55,Backreef,32,Post-treatment,Post-removal,M-Backreef,Y,55-M-B-Y,5,176,182,70,3,13
T55,Backreef,32,Post-treatment,Post-removal,M-Backreef,Y,55-M-B-Y,5,176,182,70,1,12
T56,Backreef,32,Post-treatment,Post-removal,M-Backreef,N,56-M-B-N,3,94,100,97,3,13
T57,Backreef,32,Post-treatment,Post-removal,N-Backreef,Y,57-N-B-Y,3,250,61,60,1,12
T57,Backreef,32,Post-treatment,Post-removal,N-Backreef,Y,57-N-B-Y,3,250,61,60,1,10
T57,Backreef,32,Post-treatment,Post-removal,N-Backreef,Y,57-N-B-Y,3,250,61,60,1,14
T58,Backreef,32,Post-treatment,Post-removal,N-Backreef,N,58-N-B-N,0,0,0,0,0,0
T59,Backreef,32,Post-treatment,Post-removal,O-Backreef,N,59-O-B-N,2,121,109,61,2,14
T60,Backreef,32,Post-treatment,Post-removal,O-Backreef,Y,60-O-B-Y,0,0,0,0,0,0
T31,Backreef,53,Post-treatment,Post-removal,A-Backreef,N,31-A-B-N,1,79,33,64,1,14
T32,Backreef,53,Post-treatment,Post-removal,A-Backreef,Y,32-A-B-Y,3,120,151,122,3,14
T33,Backreef,53,Post-treatment,Post-removal,B-Backreef,Y,33-B-B-Y,2,103,24,52,1,14
T33,Backreef,53,Post-treatment,Post-removal,B-Backreef,Y,33-B-B-Y,2,103,24,52,1,12
T34,Backreef,53,Post-treatment,Post-removal,B-Backreef,N,34-B-B-N,5,242,43,77,1,6
T34,Backreef,53,Post-treatment,Post-removal,B-Backreef,N,34-B-B-N,5,242,43,77,1,8
T34,Backreef,53,Post-treatment,Post-removal,B-Backreef,N,34-B-B-N,5,242,43,77,3,14
T35,Backreef,53,Post-treatment,Post-removal,C-Backreef,N,35-C-B-N,2,111,66,62,1,12
T35,Backreef,53,Post-treatment,Post-removal,C-Backreef,N,35-C-B-N,2,111,66,62,1,14
T36,Backreef,53,Post-treatment,Post-removal,C-Backreef,Y,36-C-B-Y,2,83,88,82,1,4
T37,Backreef,53,Post-treatment,Post-removal,D-Backreef,Y,37-D-B-Y,2,67,94,48,1,12
T38,Backreef,53,Post-treatment,Post-removal,D-Backreef,N,38-D-B-N,1,43,46,33,1,14
T38,Backreef,53,Post-treatment,Post-removal,D-Backreef,N,38-D-B-N,1,43,46,33,1,6
T39,Backreef,53,Post-treatment,Post-removal,E-Backreef,Y,39-E-B-Y,0,0,0,0,0,0
T40,Backreef,53,Post-treatment,Post-removal,E-Backreef,N,40-E-B-N,2,73,69,36,2,14
T41,Backreef,53,Post-treatment,Post-removal,F-Backreef,N,41-F-B-N,0,0,0,0,0,0
T42,Backreef,53,Post-treatment,Post-removal,F-Backreef,Y,42-F-B-Y,2,125,30,26,1,3
T42,Backreef,53,Post-treatment,Post-removal,F-Backreef,Y,42-F-B-Y,2,125,30,26,1,14
T43,Backreef,53,Post-treatment,Post-removal,G-Backreef,N,43-G-B-N,1,60,48,29,1,13
T44,Backreef,53,Post-treatment,Post-removal,G-Backreef,Y,44-G-B-Y,1,61,47,60,1,12
T45,Backreef,53,Post-treatment,Post-removal,H-Backreef,N,45-H-B-N,0,0,0,0,0,0
T46,Backreef,53,Post-treatment,Post-removal,H-Backreef,Y,46-H-B-Y,3,148,89,73,1,12
T46,Backreef,53,Post-treatment,Post-removal,H-Backreef,Y,46-H-B-Y,3,148,89,73,1,6
T46,Backreef,53,Post-treatment,Post-removal,H-Backreef,Y,46-H-B-Y,3,148,89,73,1,14
T47,Backreef,53,Post-treatment,Post-removal,I-Backreef,Y,47-I-B-Y,3,156,119,80,2,12
T47,Backreef,53,Post-treatment,Post-removal,I-Backreef,Y,47-I-B-Y,3,156,119,80,1,14
T48,Backreef,53,Post-treatment,Post-removal,I-Backreef,N,48-I-B-N,1,33,40,42,1,14
T49,Backreef,53,Post-treatment,Post-removal,J-Backreef,N,49-J-B-N,0,0,0,0,0,0
T50,Backreef,53,Post-treatment,Post-removal,J-Backreef,Y,50-J-B-Y,2,81,65,43,2,12
T51,Backreef,53,Post-treatment,Post-removal,K-Backreef,Y,51-K-B-Y,3,110,36,68,2,13
T51,Backreef,53,Post-treatment,Post-removal,K-Backreef,Y,51-K-B-Y,3,110,36,68,1,12
T52,Backreef,53,Post-treatment,Post-removal,K-Backreef,N,52-K-B-N,1,63,50,63,1,12
T53,Backreef,53,Post-treatment,Post-removal,L-Backreef,N,53-L-B-N,1,70,73,24,1,13
T54,Backreef,53,Post-treatment,Post-removal,L-Backreef,Y,54-L-B-Y,1,51,59,54,1,12
T55,Backreef,53,Post-treatment,Post-removal,M-Backreef,Y,55-M-B-Y,4,192,181,47,2,12
T55,Backreef,53,Post-treatment,Post-removal,M-Backreef,Y,55-M-B-Y,4,192,181,47,1,14
T55,Backreef,53,Post-treatment,Post-removal,M-Backreef,Y,55-M-B-Y,4,192,181,47,1,10
T56,Backreef,53,Post-treatment,Post-removal,M-Backreef,N,56-M-B-N,3,72,81,76,2,12
T56,Backreef,53,Post-treatment,Post-removal,M-Backreef,N,56-M-B-N,3,72,81,76,1,11
T57,Backreef,53,Post-treatment,Post-removal,N-Backreef,Y,57-N-B-Y,2,91,61,73,2,14
T58,Backreef,53,Post-treatment,Post-removal,N-Backreef,N,58-N-B-N,0,0,0,0,0,0
T59,Backreef,53,Post-treatment,Post-removal,O-Backreef,N,59-O-B-N,1,141,89,66,1,12
T60,Backreef,53,Post-treatment,Post-removal,O-Backreef,Y,60-O-B-Y,0,0,0,0,0,0
T1,Fringing,53,Post-treatment,Post-removal,A-Fringing,N,1-A-R-N,2,78,54,53,1,10
T1,Fringing,53,Post-treatment,Post-removal,A-Fringing,N,1-A-R-N,2,78,54,53,1,8
T2,Fringing,53,Post-treatment,Post-removal,A-Fringing,Y,2-A-R-Y,1,63,31,24,1,4
T3,Fringing,53,Post-treatment,Post-removal,B-Fringing,N,3-B-R-N,3,106,95,78,2,14
T3,Fringing,53,Post-treatment,Post-removal,B-Fringing,N,3-B-R-N,3,106,95,78,1,8
T4,Fringing,53,Post-treatment,Post-removal,B-Fringing,Y,4-B-R-Y,8,168,169,82,3,14
T4,Fringing,53,Post-treatment,Post-removal,B-Fringing,Y,4-B-R-Y,8,168,169,82,1,12
T4,Fringing,53,Post-treatment,Post-removal,B-Fringing,Y,4-B-R-Y,8,168,169,82,1,10
T4,Fringing,53,Post-treatment,Post-removal,B-Fringing,Y,4-B-R-Y,8,168,169,82,1,8
T5,Fringing,53,Post-treatment,Post-removal,C-Fringing,N,5-C-R-N,3,142,105,85,2,12
T5,Fringing,53,Post-treatment,Post-removal,C-Fringing,N,5-C-R-N,3,142,105,85,1,8
T6,Fringing,53,Post-treatment,Post-removal,C-Fringing,Y,6-C-R-Y,0,0,0,0,0,0
T7,Fringing,53,Post-treatment,Post-removal,D-Fringing,N,7-D-R-N,2,123,62,60,1,12
T7,Fringing,53,Post-treatment,Post-removal,D-Fringing,N,7-D-R-N,2,123,62,60,1,6
T8,Fringing,53,Post-treatment,Post-removal,D-Fringing,Y,8-D-R-Y,2,68,73,51,1,12
T8,Fringing,53,Post-treatment,Post-removal,D-Fringing,Y,8-D-R-Y,2,68,73,51,1,8
T10,Fringing,53,Post-treatment,Post-removal,E-Fringing,Y,10-E-R-Y,4,70,128,32,2,12
T10,Fringing,53,Post-treatment,Post-removal,E-Fringing,Y,10-E-R-Y,4,70,128,32,1,6
T10,Fringing,53,Post-treatment,Post-removal,E-Fringing,Y,10-E-R-Y,4,70,128,32,1,8
T9,Fringing,53,Post-treatment,Post-removal,E-Fringing,N,9-E-R-N,0,0,0,0,0,0
T11,Fringing,53,Post-treatment,Post-removal,F-Fringing,Y,11-F-R-Y,1,35,33,37,1,8
T12,Fringing,53,Post-treatment,Post-removal,F-Fringing,N,12-F-R-N,3,86,58,44,1,14
T12,Fringing,53,Post-treatment,Post-removal,F-Fringing,N,12-F-R-N,3,86,58,44,1,12
T12,Fringing,53,Post-treatment,Post-removal,F-Fringing,N,12-F-R-N,3,86,58,44,1,10
T13,Fringing,53,Post-treatment,Post-removal,G-Fringing,Y,13-G-R-Y,7,106,110,22,4,12
T13,Fringing,53,Post-treatment,Post-removal,G-Fringing,Y,13-G-R-Y,7,106,110,22,2,5
T13,Fringing,53,Post-treatment,Post-removal,G-Fringing,Y,13-G-R-Y,7,106,110,22,1,3
T14,Fringing,53,Post-treatment,Post-removal,G-Fringing,N,14-G-R-N,0,0,0,0,0,0
T15,Fringing,53,Post-treatment,Post-removal,H-Fringing,N,15-H-R-N,2,50,32,36,1,14
T15,Fringing,53,Post-treatment,Post-removal,H-Fringing,N,15-H-R-N,2,50,32,36,1,10
T16,Fringing,53,Post-treatment,Post-removal,H-Fringing,Y,16-H-R-Y,4,81,80,69,1,14
T16,Fringing,53,Post-treatment,Post-removal,H-Fringing,Y,16-H-R-Y,4,81,80,69,1,12
T16,Fringing,53,Post-treatment,Post-removal,H-Fringing,Y,16-H-R-Y,4,81,80,69,1,10
T16,Fringing,53,Post-treatment,Post-removal,H-Fringing,Y,16-H-R-Y,4,81,80,69,1,6
T17,Fringing,53,Post-treatment,Post-removal,I-Fringing,N,17-I-R-N,4,71,85,78,2,12
T17,Fringing,53,Post-treatment,Post-removal,I-Fringing,N,17-I-R-N,4,71,85,78,2,14
T18,Fringing,53,Post-treatment,Post-removal,I-Fringing,Y,18-I-R-Y,4,90,70,16,1,12
T18,Fringing,53,Post-treatment,Post-removal,I-Fringing,Y,18-I-R-Y,4,90,70,16,1,9
T18,Fringing,53,Post-treatment,Post-removal,I-Fringing,Y,18-I-R-Y,4,90,70,16,1,6
T18,Fringing,53,Post-treatment,Post-removal,I-Fringing,Y,18-I-R-Y,4,90,70,16,1,4
T19,Fringing,53,Post-treatment,Post-removal,J-Fringing,N,19-J-R-N,5,110,160,85,2,12
T19,Fringing,53,Post-treatment,Post-removal,J-Fringing,N,19-J-R-N,5,110,160,85,3,10
T20,Fringing,53,Post-treatment,Post-removal,J-Fringing,Y,20-J-R-Y,2,105,31,20,1,14
T20,Fringing,53,Post-treatment,Post-removal,J-Fringing,Y,20-J-R-Y,2,105,31,20,1,12
T21,Fringing,53,Post-treatment,Post-removal,K-Fringing,N,21-K-R-N,0,0,0,0,0,0
T22,Fringing,53,Post-treatment,Post-removal,K-Fringing,Y,22-K-R-Y,0,0,0,0,0,0
T23,Fringing,53,Post-treatment,Post-removal,L-Fringing,N,23-L-R-N,3,80,42,55,2,14
T23,Fringing,53,Post-treatment,Post-removal,L-Fringing,N,23-L-R-N,3,80,42,55,1,12
T24,Fringing,53,Post-treatment,Post-removal,L-Fringing,Y,24-L-R-Y,2,31,40,25,2,10
T25,Fringing,53,Post-treatment,Post-removal,M-Fringing,Y,25-M-R-Y,9,183,161,60,3,14
T25,Fringing,53,Post-treatment,Post-removal,M-Fringing,Y,25-M-R-Y,9,183,161,60,3,12
T25,Fringing,53,Post-treatment,Post-removal,M-Fringing,Y,25-M-R-Y,9,183,161,60,2,10
T25,Fringing,53,Post-treatment,Post-removal,M-Fringing,Y,25-M-R-Y,9,183,161,60,1,6
T26,Fringing,53,Post-treatment,Post-removal,M-Fringing,N,26-M-R-N,0,0,0,0,0,0
T27,Fringing,53,Post-treatment,Post-removal,N-Fringing,Y,27-N-R-Y,1,31,40,24,1,6
T28,Fringing,53,Post-treatment,Post-removal,N-Fringing,N,28-N-R-N,1,41,50,32,1,14
T29,Fringing,53,Post-treatment,Post-removal,O-Fringing,N,29-O-R-N,2,39,41,27,1,10
T29,Fringing,53,Post-treatment,Post-removal,O-Fringing,N,29-O-R-N,2,39,41,27,1,3
T30,Fringing,53,Post-treatment,Post-removal,O-Fringing,Y,30-O-R-Y,1,52,41,40,1,14